{
  "tenure_months": {
    "mean": 32.196308129215474,
    "std": 24.571104871471373
  },
  "monthly_charges": {
    "mean": 64.82209797657082,
    "std": 29.981417032299785
  },
  "total_charges": {
    "mean": 2266.453301384451,
    "std": 2264.5990254478997
  }
}